Order_ID,Customer_ID,Product_ID,Quantity,Order_date,Order_Time,Delivary_date,Delivery_Time,Occasion,
1,C037,67,5,7/6/2021,23:48:13,12/6/2021,7:27:10,Anniversary,
2,C019,41,2,3/12/2021,23:30:18,6/12/2021,7:16:17,Eid,
3,C029,67,5,26-10-2021,19:12:03,29-10-2021,17:39:00,Anniversary,
4,C012,14,5,21-03-2021,4:44:29,23-03-2021,6:33:23,Birthday,
5,C078,58,2,9/4/2021,19:44:48,13-04-2021,11:08:52,Valentine's Day,
6,C040,28,4,9/7/2021,22:11:35,13-07-2021,19:06:46,Eid,
7,C009,45,2,10/4/2021,1:45:13,16-04-2021,10:07:17,Birthday,
8,C097,43,3,28-09-2021,19:20:02,30-09-2021,8:44:45,Eid,
9,C044,27,4,17-04-2021,23:39:51,19-04-2021,23:59:54,Eid,
10,C099,56,3,16-08-2021,0:17:26,18-08-2021,20:47:43,Anniversary,
11,C065,16,4,31-08-2021,20:14:55,4/9/2021,23:19:47,Birthday,
12,C097,38,3,23-03-2021,8:28:56,25-03-2021,23:34:57,Birthday,
13,C024,20,3,9/3/2021,16:47:16,15-03-2021,2:27:37,Anniversary,
14,C042,60,1,29-01-2021,3:46:06,31-01-2021,12:08:02,Eid,
15,C069,21,5,14-12-2021,2:52:39,18-12-2021,13:26:45,Eid,
16,C013,20,3,25-08-2021,15:06:11,27-08-2021,22:14:21,Anniversary,
17,C056,60,2,19-12-2021,11:31:33,24-12-2021,18:40:13,Eid,
18,C072,23,4,12/6/2021,10:46:15,14-06-2021,0:20:29,Anniversary,
19,C072,62,4,30-03-2021,7:59:48,1/4/2021,3:04:34,Birthday,
20,C011,52,1,6/11/2021,14:36:57,8/11/2021,1:34:16,Valentine's Day,
21,C090,32,1,22-06-2021,11:20:52,25-06-2021,11:36:26,Birthday,
22,C054,43,1,10/7/2021,1:05:28,15-07-2021,9:49:47,Eid,
23,C041,12,3,28-10-2021,5:28:33,31-10-2021,12:12:24,Anniversary,
24,C018,42,3,30-04-2021,5:10:42,3/5/2021,7:57:35,All Occasions,
25,C091,30,3,13-05-2021,10:46:57,15-05-2021,14:28:42,Anniversary,
26,C040,6,3,1/4/2021,5:03:06,7/4/2021,6:06:11,Birthday,
27,C063,9,2,5/12/2021,11:16:28,7/12/2021,7:59:12,Eid,
28,C088,42,3,21-04-2021,3:25:25,26-04-2021,7:55:04,All Occasions,
29,C064,10,5,7/11/2021,1:06:22,13-11-2021,14:29:16,Birthday,
30,C044,23,4,11/3/2021,9:23:33,14-03-2021,13:36:58,Anniversary,
31,C029,7,5,14-08-2021,13:13:22,18-08-2021,23:35:49,Birthday,
32,C065,7,5,23-05-2021,15:36:41,28-05-2021,15:54:10,Birthday,
33,C047,8,3,1/10/2021,1:37:27,7/10/2021,2:13:27,Anniversary,
34,C071,17,2,18-06-2021,22:58:15,20-06-2021,5:36:46,Anniversary,
35,C055,7,5,12/6/2021,16:10:26,14-06-2021,15:00:40,Birthday,
36,C029,66,1,21-11-2021,10:28:53,24-11-2021,8:14:49,Birthday,
37,C096,19,5,23-11-2021,11:01:04,26-11-2021,21:19:36,Valentine's Day,
38,C067,37,3,25-08-2021,12:30:28,28-08-2021,12:24:51,Eid,
39,C054,43,2,21-09-2021,19:25:58,27-09-2021,13:28:42,Eid,
40,C066,48,4,28-09-2021,14:15:10,2/10/2021,4:29:54,Eid,
41,C047,54,4,31-07-2021,19:19:50,5/8/2021,14:29:42,Anniversary,
42,C080,35,1,27-05-2021,0:08:38,29-05-2021,17:18:28,Birthday,
43,C046,49,3,20-12-2021,22:31:16,26-12-2021,2:47:47,Valentine's Day,
44,C006,14,1,29-07-2021,21:57:56,1/8/2021,10:48:09,Birthday,
45,C097,61,5,17-04-2021,14:26:26,22-04-2021,6:16:36,Anniversary,
46,C059,22,4,29-09-2021,3:21:11,5/10/2021,8:02:45,All Occasions,
47,C013,7,5,6/7/2021,13:04:28,10/7/2021,6:00:20,Birthday,
48,C031,65,4,22-02-2021,20:00:30,26-02-2021,5:31:42,All Occasions,
49,C020,43,1,27-12-2021,17:44:30,1/1/2022,13:49:52,Eid,
50,C014,41,4,15-03-2021,6:56:33,19-03-2021,10:19:22,Eid,
51,C036,10,1,23-10-2021,9:23:49,28-10-2021,16:46:40,Birthday,
52,C023,9,1,10/3/2021,19:55:22,13-03-2021,4:22:02,Eid,
53,C045,9,5,28-07-2021,8:25:45,31-07-2021,5:59:31,Eid,
54,C059,30,1,13-12-2021,9:55:01,15-12-2021,14:30:59,Anniversary,
55,C040,5,1,27-06-2021,8:01:07,1/7/2021,7:42:58,All Occasions,
56,C095,58,5,3/5/2021,12:11:48,5/5/2021,18:51:59,Valentine's Day,
57,C090,35,5,11/7/2021,8:00:15,13-07-2021,12:27:32,Birthday,
58,C077,36,1,29-03-2021,2:51:30,2/4/2021,8:26:18,Birthday,
59,C041,51,5,29-12-2021,3:56:15,4/1/2022,20:10:04,All Occasions,
60,C023,5,2,21-05-2021,6:46:45,23-05-2021,13:03:56,All Occasions,
61,C058,44,2,12/7/2021,22:26:25,15-07-2021,8:08:31,Eid,
62,C074,6,4,27-09-2021,15:30:51,2/10/2021,23:51:40,Birthday,
63,C056,42,3,29-03-2021,6:22:38,3/4/2021,15:40:04,All Occasions,
64,C015,25,1,29-07-2021,2:48:39,2/8/2021,22:05:41,Anniversary,
65,C033,54,2,28-12-2021,13:02:28,31-12-2021,6:33:52,Anniversary,
66,C017,35,5,17-04-2021,21:00:44,20-04-2021,6:25:58,Birthday,
67,C047,10,2,3/10/2021,17:28:21,6/10/2021,21:11:01,Birthday,
68,C050,34,4,25-06-2021,22:43:58,30-06-2021,21:31:14,Eid,
69,C091,12,4,11/4/2021,19:21:41,13-04-2021,9:30:02,Anniversary,
70,C037,17,1,31-10-2021,4:21:09,4/11/2021,11:44:33,Anniversary,
71,C013,9,5,26-07-2021,16:32:06,30-07-2021,13:31:32,Eid,
72,C058,26,3,10/6/2021,15:49:26,13-06-2021,17:34:10,Birthday,
73,C057,26,1,29-05-2021,12:52:36,3/6/2021,1:28:36,Birthday,
74,C024,31,3,15-01-2021,20:55:22,20-01-2021,9:02:03,All Occasions,
75,C009,65,2,28-07-2021,11:10:24,30-07-2021,23:00:34,All Occasions,
76,C054,4,1,3/3/2021,5:13:11,9/3/2021,0:34:50,Eid,
77,C028,42,3,7/10/2021,1:07:11,9/10/2021,16:20:52,All Occasions,
78,C062,11,2,28-03-2021,13:00:09,2/4/2021,20:31:15,Valentine's Day,
79,C010,40,2,18-12-2021,17:29:30,24-12-2021,7:34:53,Anniversary,
80,C008,39,4,27-04-2021,11:07:02,1/5/2021,2:05:50,All Occasions,
81,C053,1,5,8/2/2021,18:29:21,10/2/2021,7:09:32,All Occasions,
82,C038,70,3,11/2/2021,22:02:05,17-02-2021,14:08:13,Birthday,
83,C036,27,4,27-05-2021,19:12:01,1/6/2021,14:44:00,Eid,
84,C032,47,1,29-10-2021,3:31:50,4/11/2021,7:02:20,Birthday,
85,C041,26,2,29-09-2021,21:35:20,3/10/2021,14:48:22,Birthday,
86,C046,39,4,20-10-2021,11:27:49,25-10-2021,14:09:30,All Occasions,
87,C055,2,5,22-10-2021,13:17:21,28-10-2021,23:06:36,Valentine's Day,
88,C008,15,4,5/7/2021,10:02:31,9/7/2021,12:17:55,Anniversary,
89,C060,3,5,16-09-2021,22:56:52,22-09-2021,14:41:41,Valentine's Day,
90,C088,41,3,21-11-2021,20:54:16,27-11-2021,17:48:35,Eid,
91,C061,6,2,19-11-2021,13:52:56,24-11-2021,13:23:25,Birthday,
92,C100,18,5,22-09-2021,0:11:18,28-09-2021,11:17:55,Birthday,
93,C047,24,4,28-11-2021,17:50:59,2/12/2021,18:35:56,Birthday,
94,C099,69,5,27-07-2021,14:51:08,2/8/2021,8:14:49,Birthday,
95,C039,70,4,1/10/2021,7:54:41,7/10/2021,7:16:33,Birthday,
96,C099,25,3,30-05-2021,15:00:21,3/6/2021,8:56:06,Anniversary,
97,C041,41,1,25-01-2021,20:11:32,27-01-2021,1:35:25,Eid,
98,C031,8,1,7/2/2021,15:26:00,12/2/2021,16:34:28,Anniversary,
99,C050,38,3,7/4/2021,14:00:46,10/4/2021,15:44:38,Birthday,
100,C055,42,5,21-10-2021,5:50:07,26-10-2021,5:30:26,All Occasions,
101,C064,70,4,26-06-2021,3:56:52,28-06-2021,6:18:37,Birthday,
102,C081,10,3,12/1/2021,19:34:14,14-01-2021,7:06:35,Birthday,
103,C097,18,3,29-06-2021,12:24:59,1/7/2021,22:51:39,Birthday,
104,C082,51,3,4/6/2021,1:45:29,6/6/2021,0:15:28,All Occasions,
105,C063,36,2,18-07-2021,2:57:36,24-07-2021,1:34:10,Birthday,
106,C095,41,2,25-02-2021,17:55:46,28-02-2021,23:00:28,Eid,
107,C041,4,3,16-02-2021,10:18:07,22-02-2021,14:20:21,Eid,
108,C012,26,4,10/10/2021,9:03:26,12/10/2021,8:03:05,Birthday,
109,C074,50,5,17-08-2021,15:35:48,20-08-2021,8:38:56,Birthday,
110,C075,26,2,29-11-2021,11:23:44,5/12/2021,8:27:31,Birthday,
111,C009,8,3,25-06-2021,14:18:57,29-06-2021,21:03:57,Anniversary,
112,C023,37,3,29-06-2021,6:36:04,2/7/2021,15:50:59,Eid,
113,C032,1,3,6/3/2021,15:30:30,8/3/2021,4:26:47,All Occasions,
114,C009,40,4,20-11-2021,16:03:15,24-11-2021,2:22:48,Anniversary,
115,C095,57,1,21-08-2021,18:11:22,26-08-2021,11:36:31,Birthday,
116,C009,4,3,30-11-2021,14:28:05,4/12/2021,5:25:26,Eid,
117,C033,59,3,6/1/2022,18:50:05,11/1/2022,3:43:01,Eid,
118,C035,62,1,30-11-2021,14:30:59,2/12/2021,10:32:52,Birthday,
119,C010,6,4,30-12-2021,11:02:10,5/1/2022,12:22:18,Birthday,
120,C050,61,1,30-11-2021,22:26:37,6/12/2021,9:57:24,Anniversary,
121,C048,33,3,14-12-2021,2:18:55,19-12-2021,7:29:31,Valentine's Day,
122,C083,24,5,28-02-2021,9:04:23,4/3/2021,3:15:14,Birthday,
123,C026,38,1,12/3/2021,0:31:09,15-03-2021,4:58:43,Birthday,
124,C030,67,4,17-10-2021,8:44:55,21-10-2021,5:23:44,Anniversary,
125,C020,31,2,29-08-2021,9:12:11,1/9/2021,14:36:11,All Occasions,
126,C040,19,5,21-05-2021,2:28:24,27-05-2021,13:16:38,Valentine's Day,
127,C051,60,4,10/9/2021,14:04:38,16-09-2021,19:25:01,Eid,
128,C065,12,3,24-08-2021,16:50:28,28-08-2021,15:11:19,Anniversary,
129,C051,67,2,18-07-2021,5:21:30,22-07-2021,8:17:32,Anniversary,
130,C070,10,5,29-07-2021,13:32:41,4/8/2021,22:01:54,Birthday,
131,C078,3,5,28-12-2021,20:30:50,3/1/2022,8:29:03,Valentine's Day,
132,C045,49,4,27-02-2021,23:23:41,3/3/2021,19:55:48,Valentine's Day,
133,C018,43,5,10/7/2021,15:51:54,12/7/2021,11:22:51,Eid,
134,C036,69,5,22-12-2021,19:12:46,27-12-2021,4:58:29,Birthday,
135,C087,30,2,25-10-2021,10:20:09,27-10-2021,15:43:20,Anniversary,
136,C036,56,1,19-08-2021,16:08:59,24-08-2021,22:12:18,Anniversary,
137,C070,47,2,17-03-2021,16:06:24,23-03-2021,7:29:21,Birthday,
138,C022,57,4,5/2/2021,9:33:56,8/2/2021,6:02:40,Birthday,
139,C055,54,4,14-02-2021,4:14:45,20-02-2021,18:12:44,Anniversary,
140,C015,47,1,6/1/2022,6:19:35,8/1/2022,21:29:35,Birthday,
141,C062,35,4,16-11-2021,3:55:06,18-11-2021,2:31:56,Birthday,
142,C029,23,2,10/6/2021,2:31:13,15-06-2021,4:24:16,Anniversary,
143,C087,66,2,1/2/2021,7:37:18,4/2/2021,14:49:54,Birthday,
144,C090,51,5,7/9/2021,9:01:03,12/9/2021,3:23:15,All Occasions,
145,C055,59,5,21-09-2021,16:52:56,27-09-2021,13:04:25,Eid,
146,C030,52,5,6/3/2021,18:23:55,11/3/2021,4:07:37,Valentine's Day,
147,C080,8,4,3/5/2021,19:28:15,5/5/2021,13:51:11,Anniversary,
148,C046,24,3,13-06-2021,2:09:08,15-06-2021,8:57:38,Birthday,
149,C008,5,3,4/2/2021,23:23:09,10/2/2021,20:09:12,All Occasions,
150,C092,27,5,27-01-2021,7:18:17,1/2/2021,16:56:13,Eid,
151,C051,43,1,12/7/2021,21:42:26,16-07-2021,3:56:02,Eid,
152,C084,51,2,29-05-2021,10:48:51,2/6/2021,16:39:22,All Occasions,
153,C094,16,4,29-05-2021,12:15:00,1/6/2021,6:04:43,Birthday,
154,C049,45,5,24-08-2021,23:14:18,28-08-2021,2:04:59,Birthday,
155,C023,23,3,30-09-2021,14:46:58,3/10/2021,0:00:30,Anniversary,
156,C030,61,2,14-09-2021,8:20:50,20-09-2021,10:49:14,Anniversary,
157,C019,35,3,17-09-2021,12:44:17,20-09-2021,11:35:44,Birthday,
158,C007,35,2,12/9/2021,15:40:17,17-09-2021,2:53:01,Birthday,
159,C095,43,3,24-09-2021,21:31:39,28-09-2021,4:55:56,Eid,
160,C037,36,3,31-07-2021,0:28:57,4/8/2021,7:52:59,Birthday,
161,C054,58,3,28-02-2021,3:08:06,3/3/2021,23:12:01,Valentine's Day,
162,C050,55,3,26-12-2021,6:14:31,29-12-2021,15:53:45,Eid,
163,C083,54,4,22-12-2021,19:50:10,28-12-2021,10:20:16,Anniversary,
164,C063,14,5,28-11-2021,2:04:02,4/12/2021,11:49:33,Birthday,
165,C058,40,5,23-04-2021,13:11:16,29-04-2021,8:37:14,Anniversary,
166,C035,4,3,25-04-2021,23:05:28,30-04-2021,6:12:46,Eid,
167,C019,37,4,27-07-2021,1:26:51,30-07-2021,15:16:27,Eid,
168,C092,35,2,18-04-2021,15:36:03,21-04-2021,11:02:42,Birthday,
169,C051,3,2,20-01-2021,10:28:57,23-01-2021,1:26:19,Valentine's Day,
170,C040,32,2,21-01-2021,11:58:13,23-01-2021,5:14:07,Birthday,
171,C071,54,3,27-12-2021,11:47:49,29-12-2021,12:27:06,Anniversary,
172,C070,62,4,14-04-2021,4:40:04,20-04-2021,5:12:47,Birthday,
173,C072,58,2,29-11-2021,23:15:37,5/12/2021,1:51:53,Valentine's Day,
174,C048,4,3,9/4/2021,15:39:20,12/4/2021,18:06:46,Eid,
175,C042,31,1,5/8/2021,1:17:47,9/8/2021,7:22:52,All Occasions,
176,C039,17,2,23-11-2021,3:34:46,29-11-2021,17:24:51,Anniversary,
177,C085,62,4,12/7/2021,1:49:12,17-07-2021,14:50:42,Birthday,
178,C097,61,1,24-01-2021,23:04:31,28-01-2021,2:14:23,Anniversary,
179,C078,47,3,29-12-2021,15:16:02,4/1/2022,14:31:07,Birthday,
180,C058,55,2,17-02-2021,16:40:33,21-02-2021,8:45:14,Eid,
181,C064,10,4,6/2/2021,5:55:22,11/2/2021,4:53:28,Birthday,
182,C070,2,1,31-05-2021,23:21:30,6/6/2021,6:07:33,Valentine's Day,
183,C082,48,3,15-08-2021,18:11:41,20-08-2021,15:29:26,Eid,
184,C027,52,3,19-07-2021,21:34:53,25-07-2021,5:00:29,Valentine's Day,
185,C068,18,1,31-10-2021,7:10:45,3/11/2021,20:00:43,Birthday,
186,C048,61,1,24-11-2021,9:09:44,28-11-2021,0:16:23,Anniversary,
187,C008,49,5,16-11-2021,21:10:41,22-11-2021,9:34:09,Valentine's Day,
188,C067,22,5,18-03-2021,1:38:33,20-03-2021,14:02:12,All Occasions,
189,C016,57,1,25-04-2021,17:22:19,28-04-2021,13:21:54,Birthday,
190,C096,60,5,16-12-2021,12:33:49,22-12-2021,13:41:24,Eid,
191,C012,24,3,29-03-2021,18:13:06,4/4/2021,8:50:02,Birthday,
192,C060,64,5,28-01-2021,12:28:32,3/2/2021,2:11:18,Eid,
193,C038,42,4,5/9/2021,23:44:29,11/9/2021,2:34:02,All Occasions,
194,C030,58,4,16-03-2021,11:41:29,22-03-2021,4:54:30,Valentine's Day,
195,C037,67,5,13-04-2021,5:33:53,15-04-2021,7:51:40,Anniversary,
196,C063,30,2,25-01-2021,9:37:50,29-01-2021,8:58:06,Anniversary,
197,C095,45,2,10/2/2021,18:38:42,16-02-2021,3:30:06,Birthday,
198,C090,24,2,24-04-2021,22:33:37,26-04-2021,1:09:50,Birthday,
199,C093,70,5,23-03-2021,1:54:30,28-03-2021,16:24:59,Birthday,
200,C067,23,5,21-06-2021,20:04:16,25-06-2021,23:18:52,Anniversary,
201,C004,55,4,15-04-2021,4:40:14,19-04-2021,3:52:28,Eid,
202,C089,36,5,5/9/2021,8:13:48,10/9/2021,3:02:01,Birthday,
203,C039,9,5,27-11-2021,5:39:00,3/12/2021,22:40:14,Eid,
204,C062,10,4,19-07-2021,10:46:43,22-07-2021,6:29:03,Birthday,
205,C022,46,5,31-10-2021,5:17:21,3/11/2021,11:47:12,Anniversary,
206,C099,68,3,3/1/2022,22:12:16,9/1/2022,12:42:01,Valentine's Day,
207,C078,6,2,7/10/2021,1:13:16,9/10/2021,12:15:56,Birthday,
208,C001,18,5,2/1/2022,4:30:47,4/1/2022,7:06:36,Birthday,
209,C071,70,2,29-12-2021,0:44:32,4/1/2022,21:44:32,Birthday,
210,C095,32,4,11/12/2021,0:46:32,16-12-2021,8:02:35,Birthday,
211,C043,31,5,1/3/2021,18:14:59,4/3/2021,17:40:03,All Occasions,
212,C093,7,2,10/3/2021,7:14:40,15-03-2021,20:01:45,Birthday,
213,C022,42,5,17-10-2021,8:26:18,20-10-2021,8:58:11,All Occasions,
214,C099,13,3,29-08-2021,7:49:55,2/9/2021,8:27:25,Birthday,
215,C098,17,1,17-05-2021,3:54:26,19-05-2021,12:37:34,Anniversary,
216,C004,23,1,10/9/2021,15:46:35,12/9/2021,20:46:28,Anniversary,
217,C042,53,4,2/9/2021,3:04:34,6/9/2021,16:42:19,Eid,
218,C061,31,4,18-07-2021,22:55:11,23-07-2021,3:06:01,All Occasions,
219,C027,16,5,29-07-2021,0:36:07,3/8/2021,10:36:05,Birthday,
220,C001,26,3,29-12-2021,12:26:54,4/1/2022,14:41:52,Birthday,
221,C076,28,4,27-02-2021,2:11:04,1/3/2021,14:00:35,Eid,
222,C099,6,5,9/7/2021,5:57:25,12/7/2021,18:20:50,Birthday,
223,C051,49,2,22-12-2021,8:44:25,27-12-2021,10:17:59,Valentine's Day,
224,C028,34,1,27-10-2021,21:01:58,30-10-2021,2:06:40,Eid,
225,C093,52,5,19-08-2021,12:12:26,21-08-2021,18:01:06,Valentine's Day,
226,C064,14,2,15-03-2021,8:48:50,21-03-2021,11:20:36,Birthday,
227,C004,24,4,13-02-2021,18:50:42,19-02-2021,14:09:44,Birthday,
228,C035,36,1,14-02-2021,18:40:52,20-02-2021,10:30:00,Birthday,
229,C079,49,3,30-12-2021,20:55:38,2/1/2022,9:32:50,Valentine's Day,
230,C053,64,3,17-11-2021,8:27:50,19-11-2021,1:35:49,Eid,
231,C093,64,3,12/6/2021,9:15:18,16-06-2021,21:13:01,Eid,
232,C044,28,3,5/2/2021,12:06:09,8/2/2021,9:00:02,Eid,
233,C098,64,4,8/9/2021,22:15:19,13-09-2021,4:07:39,Eid,
234,C097,42,1,23-09-2021,21:18:12,29-09-2021,0:36:53,All Occasions,
235,C071,56,2,9/3/2021,14:26:46,14-03-2021,23:26:23,Anniversary,
236,C044,23,5,6/5/2021,6:33:52,8/5/2021,2:10:18,Anniversary,
237,C024,55,1,14-06-2021,9:23:53,20-06-2021,8:19:20,Eid,
238,C083,26,4,7/2/2021,7:56:43,13-02-2021,20:18:17,Birthday,
239,C088,27,3,28-01-2021,8:33:45,31-01-2021,13:23:08,Eid,
240,C074,5,5,20-07-2021,6:03:38,23-07-2021,15:43:28,All Occasions,
241,C067,20,2,31-05-2021,9:52:16,2/6/2021,8:58:21,Anniversary,
242,C012,21,1,30-05-2021,10:24:46,3/6/2021,16:02:32,Eid,
243,C043,3,1,27-08-2021,20:50:37,30-08-2021,12:30:54,Valentine's Day,
244,C041,65,3,1/10/2021,15:06:01,3/10/2021,7:06:40,All Occasions,
245,C020,50,3,18-09-2021,6:25:26,24-09-2021,9:30:30,Birthday,
246,C017,69,5,19-09-2021,23:24:33,23-09-2021,0:38:49,Birthday,
247,C052,23,4,14-09-2021,5:58:48,19-09-2021,2:58:46,Anniversary,
248,C044,19,5,25-09-2021,8:43:41,30-09-2021,4:15:01,Valentine's Day,
249,C003,14,2,2/8/2021,22:22:16,7/8/2021,23:17:36,Birthday,
250,C086,37,5,4/3/2021,15:07:27,6/3/2021,1:32:06,Eid,
251,C051,7,4,28-12-2021,0:31:48,30-12-2021,0:19:44,Birthday,
252,C040,69,2,25-12-2021,5:41:28,28-12-2021,8:11:16,Birthday,
253,C010,68,2,30-11-2021,14:24:46,2/12/2021,5:39:27,Valentine's Day,
254,C093,1,5,24-04-2021,0:09:44,29-04-2021,5:27:49,All Occasions,
255,C092,45,2,28-04-2021,3:42:35,30-04-2021,9:23:14,Birthday,
256,C065,4,5,28-07-2021,19:13:49,31-07-2021,18:05:55,Eid,
257,C077,21,3,19-04-2021,15:42:59,23-04-2021,22:39:39,Eid,
258,C044,46,5,22-01-2021,5:40:39,27-01-2021,20:05:32,Anniversary,
259,C001,62,1,24-01-2021,15:21:54,30-01-2021,0:04:01,Birthday,
260,C100,69,5,25-04-2021,13:06:11,30-04-2021,22:22:30,Birthday,
261,C041,37,3,25-11-2021,14:03:50,29-11-2021,20:17:47,Eid,
262,C038,49,3,10/4/2021,8:05:16,12/4/2021,1:06:57,Valentine's Day,
263,C081,57,4,10/8/2021,9:35:10,15-08-2021,15:22:01,Birthday,
264,C010,52,3,28-11-2021,5:35:19,4/12/2021,15:43:46,Valentine's Day,
265,C060,58,1,17-07-2021,21:17:18,19-07-2021,6:28:33,Valentine's Day,
266,C038,36,1,27-01-2021,13:46:56,30-01-2021,19:20:09,Birthday,
267,C055,35,3,30-12-2021,13:38:57,5/1/2022,3:52:00,Birthday,
268,C053,38,1,19-02-2021,7:45:59,23-02-2021,16:53:30,Birthday,
269,C024,36,1,12/2/2021,1:12:12,16-02-2021,17:58:13,Birthday,
270,C084,21,5,7/6/2021,20:21:29,10/6/2021,16:03:59,Eid,
271,C039,36,5,20-08-2021,18:27:42,22-08-2021,18:20:05,Birthday,
272,C016,12,1,27-07-2021,9:40:05,31-07-2021,20:13:56,Anniversary,
273,C047,10,2,9/11/2021,16:12:35,11/11/2021,1:52:48,Birthday,
274,C078,41,5,30-11-2021,6:37:51,6/12/2021,20:53:36,Eid,
275,C028,29,1,22-11-2021,4:13:47,24-11-2021,1:17:39,Birthday,
276,C065,15,2,25-03-2021,1:34:06,28-03-2021,7:05:33,Anniversary,
277,C062,34,5,30-04-2021,19:16:40,5/5/2021,15:50:18,Eid,
278,C044,1,2,18-12-2021,23:33:52,20-12-2021,5:42:44,All Occasions,
279,C067,23,4,7/4/2021,9:14:46,13-04-2021,17:51:23,Anniversary,
280,C003,19,3,3/2/2021,17:44:47,8/2/2021,16:31:05,Valentine's Day,
281,C008,15,3,13-09-2021,20:36:47,18-09-2021,10:27:14,Anniversary,
282,C092,41,2,19-03-2021,10:20:49,23-03-2021,22:11:40,Eid,
283,C086,23,2,23-04-2021,2:51:34,28-04-2021,18:21:40,Anniversary,
284,C057,17,1,2/2/2021,16:13:04,8/2/2021,11:21:57,Anniversary,
285,C082,7,5,13-02-2021,17:26:44,17-02-2021,12:52:20,Birthday,
286,C098,50,3,29-04-2021,20:05:40,2/5/2021,2:41:27,Birthday,
287,C011,7,5,29-03-2021,4:54:04,3/4/2021,15:39:57,Birthday,
288,C035,34,2,8/9/2021,15:58:58,12/9/2021,20:42:36,Eid,
289,C018,30,4,29-11-2021,23:40:01,5/12/2021,2:50:06,Anniversary,
290,C079,69,3,29-07-2021,10:27:18,31-07-2021,14:33:34,Birthday,
291,C072,49,2,5/11/2021,0:12:40,11/11/2021,22:52:51,Valentine's Day,
292,C053,54,1,2/2/2021,22:43:35,6/2/2021,1:44:47,Anniversary,
293,C003,1,4,10/7/2021,4:03:47,14-07-2021,18:10:36,All Occasions,
294,C047,26,5,22-06-2021,21:04:18,26-06-2021,19:44:54,Birthday,
295,C079,18,1,19-06-2021,15:54:09,21-06-2021,10:06:42,Birthday,
296,C081,70,5,23-08-2021,11:55:14,29-08-2021,19:33:46,Birthday,
297,C047,13,3,3/10/2021,20:15:29,8/10/2021,20:52:27,Birthday,
298,C057,3,1,10/1/2022,23:06:29,12/1/2022,2:17:43,Valentine's Day,
299,C091,8,5,29-06-2021,11:51:21,2/7/2021,13:17:51,Anniversary,
300,C032,22,1,4/7/2021,19:20:05,8/7/2021,18:25:16,All Occasions,
301,C070,6,3,2/10/2021,6:24:22,5/10/2021,16:52:16,Birthday,
302,C071,25,4,29-08-2021,13:53:05,2/9/2021,17:13:25,Anniversary,
303,C051,14,1,27-07-2021,6:42:57,30-07-2021,7:08:02,Birthday,
304,C088,67,3,26-03-2021,9:24:28,29-03-2021,23:09:37,Anniversary,
305,C003,26,1,12/2/2021,0:10:44,15-02-2021,14:01:05,Birthday,
306,C085,49,4,20-02-2021,11:35:51,22-02-2021,6:38:00,Valentine's Day,
307,C042,3,1,13-01-2022,21:37:54,17-01-2022,11:28:10,Valentine's Day,
308,C005,57,1,25-11-2021,7:54:11,30-11-2021,12:11:24,Birthday,
309,C071,60,4,18-06-2021,6:38:43,23-06-2021,5:14:33,Eid,
310,C061,38,3,10/2/2021,12:24:22,16-02-2021,15:42:48,Birthday,
311,C051,39,2,15-09-2021,9:26:47,21-09-2021,17:51:43,All Occasions,
312,C044,9,1,29-09-2021,18:27:36,4/10/2021,6:01:14,Eid,
313,C056,30,2,13-03-2021,19:24:29,15-03-2021,6:06:13,Anniversary,
314,C029,43,4,13-05-2021,11:48:41,19-05-2021,4:55:25,Eid,
315,C063,26,5,19-06-2021,14:21:31,22-06-2021,19:20:21,Birthday,
316,C048,2,5,8/2/2021,21:35:05,13-02-2021,7:21:50,Valentine's Day,
317,C014,29,3,30-01-2021,18:51:27,4/2/2021,16:12:50,Birthday,
318,C038,26,5,16-07-2021,12:15:49,18-07-2021,15:59:47,Birthday,
319,C044,64,1,31-05-2021,6:23:07,2/6/2021,22:44:23,Eid,
320,C007,13,1,1/6/2021,7:49:55,3/6/2021,8:38:21,Birthday,
321,C049,12,5,26-08-2021,11:27:05,29-08-2021,9:51:43,Anniversary,
322,C056,15,1,2/10/2021,8:32:11,4/10/2021,3:30:27,Anniversary,
323,C013,23,2,21-09-2021,18:13:04,25-09-2021,10:22:35,Anniversary,
324,C073,14,2,22-09-2021,18:47:28,28-09-2021,15:34:54,Birthday,
325,C091,27,5,15-09-2021,18:30:45,20-09-2021,20:02:37,Eid,
326,C088,34,3,26-09-2021,15:39:05,1/10/2021,15:33:32,Eid,
327,C048,51,1,4/8/2021,9:29:05,7/8/2021,20:09:05,All Occasions,
328,C024,23,3,6/3/2021,17:51:38,10/3/2021,8:59:18,Anniversary,
329,C095,17,3,29-12-2021,2:22:03,2/1/2022,3:08:52,Anniversary,
330,C059,59,2,24-12-2021,20:25:09,26-12-2021,12:26:20,Eid,
331,C023,41,5,30-11-2021,21:49:56,3/12/2021,14:13:32,Eid,
332,C052,20,5,25-04-2021,20:14:13,29-04-2021,14:10:44,Anniversary,
333,C100,22,5,29-04-2021,6:19:15,2/5/2021,3:46:29,All Occasions,
334,C066,53,1,29-07-2021,21:19:46,2/8/2021,22:03:03,Eid,
335,C013,17,2,21-04-2021,2:09:35,24-04-2021,2:23:24,Anniversary,
336,C069,53,1,23-01-2021,4:32:24,27-01-2021,19:54:17,Eid,
337,C008,24,3,25-01-2021,14:21:12,31-01-2021,20:26:13,Birthday,
338,C087,21,3,29-12-2021,14:15:51,1/1/2022,1:34:07,Eid,
339,C083,8,1,16-04-2021,20:07:19,21-04-2021,10:50:19,Anniversary,
340,C076,38,3,1/12/2021,7:53:01,7/12/2021,2:56:01,Birthday,
341,C028,9,2,10/4/2021,14:54:35,13-04-2021,22:32:13,Eid,
342,C062,36,5,7/8/2021,4:03:43,13-08-2021,16:26:16,Birthday,
343,C006,66,3,25-11-2021,14:12:40,1/12/2021,9:27:05,Birthday,
344,C020,28,5,14-07-2021,17:06:22,18-07-2021,6:28:07,Eid,
345,C056,45,4,26-01-2021,15:40:42,31-01-2021,23:11:31,Birthday,
346,C090,50,1,30-12-2021,23:24:17,4/1/2022,16:46:34,Birthday,
347,C034,34,2,18-02-2021,9:46:21,20-02-2021,8:37:09,Eid,
348,C060,30,2,7/2/2021,20:33:37,10/2/2021,12:02:59,Anniversary,
349,C017,44,4,1/6/2021,3:32:37,6/6/2021,10:31:13,Eid,
350,C020,19,3,16-08-2021,12:22:57,19-08-2021,16:26:10,Valentine's Day,
351,C099,1,1,21-07-2021,15:11:07,24-07-2021,22:29:59,All Occasions,
352,C080,28,1,2/11/2021,23:49:45,6/11/2021,9:14:52,Eid,
353,C089,55,2,26-11-2021,9:43:27,28-11-2021,14:12:14,Eid,
354,C087,13,5,18-11-2021,17:25:28,24-11-2021,9:43:32,Birthday,
355,C099,10,1,20-03-2021,4:52:44,22-03-2021,9:38:33,Birthday,
356,C028,14,1,27-04-2021,0:41:40,3/5/2021,4:31:42,Birthday,
357,C063,62,4,15-12-2021,20:01:18,20-12-2021,20:55:34,Birthday,
358,C040,55,1,27-03-2021,16:53:29,29-03-2021,13:30:37,Eid,
359,C052,47,2,26-01-2021,12:13:36,28-01-2021,20:31:30,Birthday,
360,C099,41,1,3/9/2021,3:11:57,6/9/2021,17:45:31,Eid,
361,C049,47,4,18-03-2021,6:09:56,23-03-2021,8:33:10,Birthday,
362,C041,31,2,12/4/2021,3:40:01,15-04-2021,10:35:23,All Occasions,
363,C022,15,2,28-01-2021,19:01:01,3/2/2021,1:50:36,Anniversary,
364,C003,43,3,12/2/2021,6:09:01,15-02-2021,4:37:33,Eid,
365,C028,8,5,26-04-2021,15:31:47,30-04-2021,10:15:29,Anniversary,
366,C033,3,3,25-03-2021,23:15:47,30-03-2021,10:51:38,Valentine's Day,
367,C010,47,5,23-06-2021,0:44:09,25-06-2021,15:05:03,Birthday,
368,C042,6,3,18-04-2021,23:03:22,20-04-2021,2:52:10,Birthday,
369,C014,63,3,6/9/2021,7:23:44,8/9/2021,4:28:30,All Occasions,
370,C073,54,2,29-11-2021,5:57:39,5/12/2021,19:01:40,Anniversary,
371,C090,23,4,21-07-2021,1:27:58,23-07-2021,10:28:47,Anniversary,
372,C006,25,3,2/11/2021,19:04:25,6/11/2021,18:28:46,Anniversary,
373,C026,65,2,5/1/2022,20:49:11,10/1/2022,23:57:40,All Occasions,
374,C087,4,1,10/10/2021,7:47:32,16-10-2021,22:32:44,Eid,
375,C091,46,1,4/1/2022,4:16:25,7/1/2022,19:37:38,Anniversary,
376,C097,10,2,31-12-2021,20:18:32,4/1/2022,23:48:02,Birthday,
377,C013,55,4,13-12-2021,8:34:06,19-12-2021,11:47:09,Eid,
378,C040,6,2,2/3/2021,11:30:20,4/3/2021,19:26:52,Birthday,
379,C078,66,1,12/3/2021,23:31:41,18-03-2021,10:44:03,Birthday,
380,C009,60,4,19-10-2021,13:33:02,22-10-2021,23:40:37,Eid,
381,C013,25,3,31-08-2021,18:30:03,6/9/2021,6:21:06,Anniversary,
382,C003,24,1,19-05-2021,10:02:19,25-05-2021,21:53:48,Birthday,
383,C016,37,1,12/9/2021,0:16:45,18-09-2021,20:09:52,Eid,
384,C004,25,3,4/9/2021,16:57:57,10/9/2021,13:57:13,Anniversary,
385,C002,50,4,20-07-2021,1:16:01,26-07-2021,10:46:18,Birthday,
386,C091,5,4,31-07-2021,12:47:45,3/8/2021,21:34:41,All Occasions,
387,C061,1,2,31-12-2021,5:38:25,3/1/2022,2:15:58,All Occasions,
388,C066,36,2,28-02-2021,0:15:10,2/3/2021,10:37:06,Birthday,
389,C061,29,2,11/7/2021,3:26:18,17-07-2021,18:13:40,Birthday,
390,C043,26,4,24-12-2021,15:40:56,26-12-2021,23:02:07,Birthday,
391,C083,22,4,29-10-2021,13:44:06,3/11/2021,12:58:41,All Occasions,
392,C085,4,2,21-08-2021,3:18:55,24-08-2021,18:53:09,Eid,
393,C087,17,5,18-03-2021,11:01:18,22-03-2021,16:10:46,Anniversary,
394,C028,38,5,15-02-2021,4:26:37,21-02-2021,19:25:58,Birthday,
395,C067,26,2,16-02-2021,23:14:54,18-02-2021,18:32:37,Birthday,
396,C068,10,5,8/1/2022,15:30:58,11/1/2022,1:45:01,Birthday,
397,C034,4,5,18-11-2021,6:48:09,21-11-2021,13:32:34,Eid,
398,C080,54,1,14-06-2021,8:45:21,20-06-2021,10:01:43,Anniversary,
399,C008,68,1,6/2/2021,6:21:47,12/2/2021,7:08:14,Valentine's Day,
400,C083,45,3,9/9/2021,14:05:01,11/9/2021,18:10:53,Birthday,
401,C089,9,5,25-09-2021,19:53:33,27-09-2021,7:19:07,Eid,
402,C037,29,1,11/3/2021,16:42:29,16-03-2021,13:32:50,Birthday,
403,C075,57,1,8/5/2021,11:45:28,11/5/2021,20:13:26,Birthday,
404,C055,21,5,16-06-2021,7:55:20,20-06-2021,22:27:19,Eid,
405,C033,49,1,9/2/2021,23:05:14,11/2/2021,14:47:38,Valentine's Day,
406,C049,55,4,30-01-2021,15:59:17,2/2/2021,6:23:53,Eid,
407,C074,69,3,22-07-2021,8:52:11,27-07-2021,4:09:44,Birthday,
408,C063,31,2,1/6/2021,12:19:26,6/6/2021,4:41:38,All Occasions,
409,C049,50,4,2/6/2021,17:43:59,5/6/2021,19:44:57,Birthday,
410,C025,24,1,28-08-2021,20:20:49,3/9/2021,5:57:06,Birthday,
411,C006,48,1,3/10/2021,16:31:34,5/10/2021,7:21:26,Eid,
412,C081,67,2,20-09-2021,9:28:24,26-09-2021,23:14:27,Anniversary,
413,C050,59,5,21-09-2021,5:32:17,23-09-2021,20:21:11,Eid,
414,C034,7,4,16-09-2021,21:18:11,18-09-2021,1:07:31,Birthday,
415,C065,14,4,27-09-2021,20:08:30,30-09-2021,1:20:56,Birthday,
416,C006,58,5,5/8/2021,16:41:02,10/8/2021,9:37:01,Valentine's Day,
417,C004,62,4,7/3/2021,22:40:40,12/3/2021,5:56:33,Birthday,
418,C069,64,3,31-12-2021,13:17:22,4/1/2022,11:37:10,Eid,
419,C065,47,3,27-12-2021,17:18:51,1/1/2022,13:53:36,Birthday,
420,C039,6,3,29-11-2021,8:36:20,4/12/2021,0:07:29,Birthday,
421,C066,38,4,26-04-2021,20:16:30,28-04-2021,19:04:00,Birthday,
422,C044,53,2,30-04-2021,3:03:58,3/5/2021,4:05:39,Eid,
423,C067,19,1,30-07-2021,16:46:58,1/8/2021,0:10:05,Valentine's Day,
424,C072,7,4,22-04-2021,3:04:56,26-04-2021,10:27:03,Birthday,
425,C071,56,1,24-01-2021,0:02:06,26-01-2021,22:59:28,Anniversary,
426,C073,2,2,26-01-2021,22:59:54,29-01-2021,13:51:00,Valentine's Day,
427,C042,48,5,30-12-2021,7:56:32,1/1/2022,22:46:12,Eid,
428,C038,10,2,17-04-2021,3:32:38,23-04-2021,19:37:01,Birthday,
429,C007,9,5,2/12/2021,22:46:57,8/12/2021,12:43:52,Eid,
430,C045,27,2,11/4/2021,7:20:30,13-04-2021,10:03:32,Eid,
431,C057,1,4,8/8/2021,19:13:43,14-08-2021,21:02:24,All Occasions,
432,C092,12,4,26-11-2021,12:09:27,1/12/2021,19:40:38,Anniversary,
433,C068,7,5,15-07-2021,23:33:51,21-07-2021,4:19:56,Birthday,
434,C020,51,4,27-01-2021,7:23:06,29-01-2021,19:43:32,All Occasions,
435,C017,53,4,31-12-2021,17:27:30,4/1/2022,12:35:14,Eid,
436,C058,8,1,19-02-2021,6:08:00,25-02-2021,8:15:49,Anniversary,
437,C010,55,1,8/2/2021,6:30:47,12/2/2021,22:56:38,Eid,
438,C037,34,2,2/6/2021,9:27:17,8/6/2021,3:18:31,Eid,
439,C037,12,3,17-08-2021,8:56:11,19-08-2021,12:51:06,Anniversary,
440,C018,13,4,22-07-2021,9:33:31,28-07-2021,1:21:29,Birthday,
441,C052,26,2,3/11/2021,11:23:56,9/11/2021,16:38:50,Birthday,
442,C023,3,3,27-11-2021,18:03:20,1/12/2021,8:05:39,Valentine's Day,
443,C046,49,3,19-11-2021,22:22:19,22-11-2021,2:16:00,Valentine's Day,
444,C021,60,3,21-03-2021,1:01:13,26-03-2021,9:54:20,Eid,
445,C047,30,5,28-04-2021,20:08:42,3/5/2021,14:22:27,Anniversary,
446,C079,33,5,16-12-2021,2:54:04,22-12-2021,11:03:28,Valentine's Day,
447,C032,47,4,28-03-2021,2:45:34,3/4/2021,15:04:56,Birthday,
448,C086,16,1,27-01-2021,2:42:54,31-01-2021,13:42:24,Birthday,
449,C045,49,4,4/9/2021,3:18:26,10/9/2021,10:09:41,Valentine's Day,
450,C096,39,5,19-03-2021,7:58:05,23-03-2021,10:09:58,All Occasions,
451,C079,33,5,13-04-2021,0:16:52,19-04-2021,21:10:57,Valentine's Day,
452,C045,70,3,29-01-2021,19:57:29,1/2/2021,11:42:18,Birthday,
453,C032,27,2,13-02-2021,10:11:39,17-02-2021,12:28:21,Eid,
454,C088,3,2,27-04-2021,23:26:49,1/5/2021,1:21:56,Valentine's Day,
455,C072,1,2,26-03-2021,22:33:50,28-03-2021,18:04:20,All Occasions,
456,C071,33,2,24-06-2021,22:51:39,29-06-2021,22:14:06,Valentine's Day,
457,C036,22,5,19-04-2021,13:55:39,24-04-2021,16:38:25,All Occasions,
458,C054,32,2,7/9/2021,17:21:30,11/9/2021,20:32:44,Birthday,
459,C093,12,2,30-11-2021,7:24:55,3/12/2021,7:34:31,Anniversary,
460,C007,29,2,22-07-2021,7:58:33,25-07-2021,0:07:26,Birthday,
461,C083,12,4,3/11/2021,8:12:37,7/11/2021,14:52:56,Anniversary,
462,C069,60,5,6/1/2022,18:10:06,8/1/2022,14:20:14,Eid,
463,C078,18,3,11/10/2021,22:23:47,14-10-2021,0:52:03,Birthday,
464,C014,18,3,5/1/2022,3:04:25,7/1/2022,13:38:45,Birthday,
465,C029,55,5,31-12-2021,23:46:12,6/1/2022,13:29:11,Eid,
466,C053,23,1,14-12-2021,13:58:22,18-12-2021,9:59:41,Anniversary,
467,C056,53,1,3/3/2021,14:18:44,9/3/2021,15:20:11,Eid,
468,C007,5,2,13-03-2021,7:57:26,18-03-2021,1:24:47,All Occasions,
469,C051,42,4,20-10-2021,7:06:00,22-10-2021,12:56:49,All Occasions,
470,C031,47,5,1/9/2021,17:34:04,4/9/2021,15:29:29,Birthday,
471,C092,23,2,20-05-2021,12:09:01,26-05-2021,5:50:06,Anniversary,
472,C015,56,1,13-09-2021,7:32:38,15-09-2021,22:46:18,Anniversary,
473,C061,22,3,5/9/2021,8:13:57,10/9/2021,15:44:18,All Occasions,
474,C051,1,4,21-07-2021,6:31:59,27-07-2021,2:00:07,All Occasions,
475,C099,46,2,1/8/2021,7:21:23,4/8/2021,13:32:22,Anniversary,
476,C067,40,2,31-12-2021,1:17:18,2/1/2022,17:53:14,Anniversary,
477,C099,33,4,28-02-2021,17:18:09,6/3/2021,3:11:52,Valentine's Day,
478,C003,11,5,12/7/2021,1:11:21,16-07-2021,9:50:19,Valentine's Day,
479,C071,11,1,25-12-2021,17:48:21,30-12-2021,10:48:13,Valentine's Day,
480,C059,62,4,30-10-2021,4:29:31,5/11/2021,22:19:33,Birthday,
481,C044,12,5,22-08-2021,0:00:53,25-08-2021,18:36:25,Anniversary,
482,C050,23,3,19-03-2021,20:33:38,24-03-2021,20:56:35,Anniversary,
483,C007,59,2,16-02-2021,6:25:03,21-02-2021,5:06:02,Eid,
484,C034,1,5,17-02-2021,19:03:55,22-02-2021,19:32:17,All Occasions,
485,C029,43,4,9/1/2022,19:20:24,14-01-2022,19:27:14,Eid,
486,C030,24,1,19-11-2021,14:34:30,23-11-2021,16:58:35,Birthday,
487,C053,51,1,15-06-2021,16:46:57,18-06-2021,4:28:18,All Occasions,
488,C025,21,4,7/2/2021,22:13:30,11/2/2021,5:26:49,Eid,
489,C072,10,1,10/9/2021,22:26:56,12/9/2021,4:30:46,Birthday,
490,C075,2,1,26-09-2021,12:28:03,1/10/2021,12:27:19,Valentine's Day,
491,C095,30,1,12/3/2021,6:14:34,14-03-2021,22:59:20,Anniversary,
492,C047,33,2,9/5/2021,13:54:25,11/5/2021,12:04:33,Valentine's Day,
493,C035,11,1,17-06-2021,22:11:24,23-06-2021,15:43:11,Valentine's Day,
494,C082,7,4,10/2/2021,3:11:22,16-02-2021,19:06:48,Birthday,
495,C007,20,1,31-01-2021,17:42:29,6/2/2021,22:51:31,Anniversary,
496,C021,11,4,23-07-2021,14:31:57,27-07-2021,13:05:41,Valentine's Day,
497,C081,64,2,2/6/2021,20:14:01,5/6/2021,4:42:56,Eid,
498,C100,19,4,3/6/2021,21:34:44,7/6/2021,21:14:24,Valentine's Day,
499,C031,59,1,29-08-2021,12:09:20,1/9/2021,10:03:32,Eid,
