Product_ID,Product_Name,Category,Price (PKR),Description,Ocassion,
1,Magnam Set,Soft Toys,1935,Quam numquam iste sunt nemo.,Eid,
2,Voluptas Box,Plants,441,At quaerat animi nemo.,Birthday,
3,Eius Gift,Colors,1534,Deserunt pariatur mollitia voluptatem.,Anniversary,
4,Accusantium Set,Sweets,1199,Corporis odio consequatur perferendis repellendus laudantium deserunt.,Christmas,
5,Natus Gift,Colors,1444,Quis occaecati reprehenderit facere tenetur illum exercitationem.,Eid,
6,Quos Box,Cake,1112,Eum deleniti adipisci vero neque.,Birthday,
7,Quos Set,Soft Toys,409,Sint accusamus veritatis exercitationem corporis.,Anniversary,
8,Qui Box,Sweets,252,Praesentium necessitatibus quos esse neque.,Christmas,
9,Aperiam Box,Colors,1605,Explicabo totam quaerat a quaerat ducimus officia.,Eid,
10,Accusantium Gift,Cake,259,Minima nobis repellendus distinctio a veritatis voluptate eaque.,Birthday,
11,Maxime Set,Mugs,1096,Sapiente exercitationem illo sed ea.,Anniversary,
12,Non Set,Plants,672,Fugiat id similique minima corrupti ut sint sapiente.,Christmas,
13,Et Set,Mugs,1141,Eius praesentium ipsum autem.,Eid,
14,Deserunt Box,Colors,1915,Incidunt hic vero esse saepe illum.,Birthday,
15,Repudiandae Box,Raksha Bandhan,1488,Consequuntur placeat quia voluptate esse consectetur accusamus nemo.,Anniversary,
16,Ut Pack,Sweets,1721,Quae occaecati laborum expedita perspiciatis consequatur ad.,Christmas,
17,Delectus Gift,Soft Toys,1899,Architecto beatae ullam ad sed dolorem voluptates est.,Eid,
18,Nemo Set,Plants,781,Perspiciatis nemo dolorem perspiciatis aspernatur.,Birthday,
19,Iure Gift,Mugs,1234,Autem quaerat tempore quasi ipsam.,Anniversary,
20,Reiciendis Box,Colors,697,Molestias earum quam dolor.,Christmas,
21,Quia Gift,Colors,1561,Autem necessitatibus perferendis consequatur suscipit iste harum sint.,Eid,
22,Exercitationem Pack,Soft Toys,1639,Iusto cum nostrum quasi dicta totam error.,Birthday,
23,Dignissimos Pack,Sweets,1098,Sunt laborum incidunt ad asperiores itaque minus placeat.,Anniversary,
24,Ad Box,Mugs,535,Possimus perspiciatis nesciunt modi molestias.,Christmas,
25,Qui Gift,Plants,1202,Maxime culpa earum blanditiis.,Eid,
26,Aliquam Box,Colors,289,Sunt repellendus quidem laborum provident voluptas ut nisi.,Birthday,
27,Architecto Gift,Cake,548,Odio quisquam inventore esse sed recusandae autem.,Anniversary,
28,Velit Set,Sweets,1778,Quidem sit facilis consequuntur iusto dignissimos exercitationem.,Christmas,
29,In Set,Colors,1252,Occaecati impedit incidunt qui.,Eid,
30,Recusandae Pack,Colors,751,Maxime exercitationem repellat veritatis a dolorem.,Birthday,
31,Nihil Box,Colors,1804,Eveniet sint molestiae.,Anniversary,
32,Fuga Set,Soft Toys,1792,Modi veniam vero dolores.,Christmas,
33,Earum Set,Colors,314,Nisi quis nam ipsa molestias vel totam.,Eid,
34,Placeat Pack,Soft Toys,1335,Illo in quas at rem.,Birthday,
35,Nam Gift,Colors,1865,Ab possimus tempore maiores nesciunt enim placeat excepturi.,Anniversary,
36,Cum Gift,Plants,203,Magni maiores ullam fugiat.,Christmas,
37,Officiis Pack,Colors,1428,Error facere quae cupiditate provident.,Eid,
38,Mollitia Set,Cake,562,Eaque deserunt possimus alias sint odit facere.,Birthday,
39,Voluptate Set,Mugs,387,Voluptates nostrum ratione sint odit dolore consectetur.,Anniversary,
40,Provident Pack,Sweets,1923,Voluptate eaque accusamus nobis voluptatem accusamus.,Christmas,
41,Aut Box,Sweets,1977,Ab quisquam nobis ducimus.,Eid,
42,Expedita Gift,Sweets,1744,Necessitatibus cum dolores alias sed.,Birthday,
43,Quisquam Pack,Raksha Bandhan,750,Odio incidunt tempore nesciunt.,Anniversary,
44,Dolorum Set,Plants,794,Nam quod aliquid.,Christmas,
45,Iusto Set,Raksha Bandhan,722,Adipisci quo laboriosam.,Eid,
46,Pariatur Set,Cake,758,In nesciunt maxime nobis officiis dicta.,Birthday,
47,Harum Pack,Colors,1638,Maiores voluptates quam aspernatur magni distinctio provident.,Anniversary,
48,Maiores Gift,Colors,433,Repellendus quae iusto nostrum commodi adipisci.,Christmas,
49,Voluptate Pack,Colors,903,Saepe ratione ab inventore dignissimos.,Eid,
50,Eligendi Set,Plants,422,Consectetur illum pariatur totam fugit eum eaque.,Birthday,
51,Fugit Set,Soft Toys,1084,Maiores hic veritatis corporis modi.,Anniversary,
52,Dolorum Box,Raksha Bandhan,236,Amet accusamus natus magni non recusandae.,Christmas,
53,Ipsam Set,Sweets,1672,Deleniti aspernatur pariatur laudantium nihil at.,Eid,
54,Occaecati Gift,Cake,1236,Ducimus possimus saepe totam impedit amet reprehenderit.,Birthday,
55,Dolores Gift,Soft Toys,1904,Nobis sed corrupti cupiditate fugiat unde.,Anniversary,
56,Quia Gift,Raksha Bandhan,1272,Veniam expedita odit esse.,Christmas,
57,Voluptatem Box,Colors,1582,Similique dolor saepe molestiae.,Eid,
58,Sed Pack,Cake,1492,Reiciendis nam omnis vel explicabo amet perferendis.,Birthday,
59,Pariatur Box,Cake,811,Exercitationem occaecati quam aperiam.,Anniversary,
60,Ea Set,Sweets,827,Ex omnis sit quibusdam.,Christmas,
61,Iusto Box,Plants,810,Sequi numquam rerum aspernatur aspernatur in.,Eid,
62,Sed Set,Colors,1356,Sequi et dolore et consectetur odit deleniti.,Birthday,
63,Adipisci Set,Sweets,1348,Recusandae voluptate eaque blanditiis harum in facere consequuntur.,Anniversary,
64,Nostrum Box,Soft Toys,1878,Illo laboriosam at delectus.,Christmas,
65,Error Gift,Raksha Bandhan,1895,Ratione alias nam dignissimos ullam.,Eid,
66,Quas Box,Colors,610,Architecto debitis repellendus error ducimus quod quo.,Birthday,
67,Maiores Box,Raksha Bandhan,1374,Earum quos enim minima.,Anniversary,
68,Quas Gift,Soft Toys,597,Enim non fugit reprehenderit minima.,Christmas,
69,Id Box,Cake,998,Earum odio vitae mollitia autem.,Eid,
70,Error Gift,Sweets,866,Debitis provident illo aliquam debitis.,Birthday,
